{
  "project_info": {
    "project_number": "937972757796",
    "firebase_url": "https://medicure-85ee8.firebaseio.com",
    "project_id": "medicure-85ee8",
    "storage_bucket": "medicure-85ee8.appspot.com"
  },
  "client": [
    {
      "client_info": {
        "mobilesdk_app_id": "1:937972757796:android:75fa3b85e50e990f",
        "android_client_info": {
          "package_name": "com.xyz.medicure"
        }
      },
      "oauth_client": [
        {
          "client_id": "937972757796-pcua7dfq3p4aasmubjm2f9e8hdo8898k.apps.googleusercontent.com",
          "client_type": 1,
          "android_info": {
            "package_name": "com.xyz.medicure",
            "certificate_hash": "9a4f72d06815972eb4b67d4caa0fd6efa24a437e"
          }
        },
        {
          "client_id": "937972757796-igm0k403igo4hr8uev6191j43b18hknv.apps.googleusercontent.com",
          "client_type": 3
        }
      ],
      "api_key": [
        {
          "current_key": "AIzaSyAcL4B301UBK6Vs87XBAF1CLEsRrFnOSlA"
        }
      ],
      "services": {
        "analytics_service": {
          "status": 1
        },
        "appinvite_service": {
          "status": 2,
          "other_platform_oauth_client": [
            {
              "client_id": "937972757796-igm0k403igo4hr8uev6191j43b18hknv.apps.googleusercontent.com",
              "client_type": 3
            }
          ]
        },
        "ads_service": {
          "status": 2
        }
      }
    }
  ],
  "configuration_version": "1"
}